Workbook

Sheet 요약
A1: HMT500(260313A) 전자부 부품리스트 — 요약
A2: 회로도 v0.3 (KiCad) 기준 · 1대분 · 단가는 1k 추정 (파란 글씨 = 입력값)
A4: 환율 (원/USD) | B4: 1400 | C4: 가정 — bom-cost.md 와 동일
A6: 분류 | B6: 품목 수 | C6: 금액 하한 (USD) | D6: 금액 상한 (USD) | E6: 금액 하한 (원) | F6: 금액 상한 (원)
A7: 수동 | B7: =COUNTIF('부품리스트'!$B$2:$B$64,A7) | C7: =SUMIFS('부품리스트'!$L$2:$L$64,'부품리스트'!$B$2:$B$64,A7) | D7: =SUMIFS('부품리스트'!$M$2:$M$64,'부품리스트'!$B$2:$B$64,A7) | E7: =C7*$B$4 | F7: =D7*$B$4
A8: 보호 | B8: =COUNTIF('부품리스트'!$B$2:$B$64,A8) | C8: =SUMIFS('부품리스트'!$L$2:$L$64,'부품리스트'!$B$2:$B$64,A8) | D8: =SUMIFS('부품리스트'!$M$2:$M$64,'부품리스트'!$B$2:$B$64,A8) | E8: =C8*$B$4 | F8: =D8*$B$4
A9: 전원 | B9: =COUNTIF('부품리스트'!$B$2:$B$64,A9) | C9: =SUMIFS('부품리스트'!$L$2:$L$64,'부품리스트'!$B$2:$B$64,A9) | D9: =SUMIFS('부품리스트'!$M$2:$M$64,'부품리스트'!$B$2:$B$64,A9) | E9: =C9*$B$4 | F9: =D9*$B$4
A10: 측정 | B10: =COUNTIF('부품리스트'!$B$2:$B$64,A10) | C10: =SUMIFS('부품리스트'!$L$2:$L$64,'부품리스트'!$B$2:$B$64,A10) | D10: =SUMIFS('부품리스트'!$M$2:$M$64,'부품리스트'!$B$2:$B$64,A10) | E10: =C10*$B$4 | F10: =D10*$B$4
A11: 커넥터 | B11: =COUNTIF('부품리스트'!$B$2:$B$64,A11) | C11: =SUMIFS('부품리스트'!$L$2:$L$64,'부품리스트'!$B$2:$B$64,A11) | D11: =SUMIFS('부품리스트'!$M$2:$M$64,'부품리스트'!$B$2:$B$64,A11) | E11: =C11*$B$4 | F11: =D11*$B$4
A12: 생산 | B12: =COUNTIF('부품리스트'!$B$2:$B$64,A12) | C12: =SUMIFS('부품리스트'!$L$2:$L$64,'부품리스트'!$B$2:$B$64,A12) | D12: =SUMIFS('부품리스트'!$M$2:$M$64,'부품리스트'!$B$2:$B$64,A12) | E12: =C12*$B$4 | F12: =D12*$B$4
A13: 출력 | B13: =COUNTIF('부품리스트'!$B$2:$B$64,A13) | C13: =SUMIFS('부품리스트'!$L$2:$L$64,'부품리스트'!$B$2:$B$64,A13) | D13: =SUMIFS('부품리스트'!$M$2:$M$64,'부품리스트'!$B$2:$B$64,A13) | E13: =C13*$B$4 | F13: =D13*$B$4
A14: MCU | B14: =COUNTIF('부품리스트'!$B$2:$B$64,A14) | C14: =SUMIFS('부품리스트'!$L$2:$L$64,'부품리스트'!$B$2:$B$64,A14) | D14: =SUMIFS('부품리스트'!$M$2:$M$64,'부품리스트'!$B$2:$B$64,A14) | E14: =C14*$B$4 | F14: =D14*$B$4
A15: 통신 | B15: =COUNTIF('부품리스트'!$B$2:$B$64,A15) | C15: =SUMIFS('부품리스트'!$L$2:$L$64,'부품리스트'!$B$2:$B$64,A15) | D15: =SUMIFS('부품리스트'!$M$2:$M$64,'부품리스트'!$B$2:$B$64,A15) | E15: =C15*$B$4 | F15: =D15*$B$4
A16: 기판 | B16: =COUNTIF('부품리스트'!$B$2:$B$64,A16) | C16: =SUMIFS('부품리스트'!$L$2:$L$64,'부품리스트'!$B$2:$B$64,A16) | D16: =SUMIFS('부품리스트'!$M$2:$M$64,'부품리스트'!$B$2:$B$64,A16) | E16: =C16*$B$4 | F16: =D16*$B$4
A17: 센서 | B17: =COUNTIF('부품리스트'!$B$2:$B$64,A17) | C17: =SUMIFS('부품리스트'!$L$2:$L$64,'부품리스트'!$B$2:$B$64,A17) | D17: =SUMIFS('부품리스트'!$M$2:$M$64,'부품리스트'!$B$2:$B$64,A17) | E17: =C17*$B$4 | F17: =D17*$B$4
A18: 하네스 | B18: =COUNTIF('부품리스트'!$B$2:$B$64,A18) | C18: =SUMIFS('부품리스트'!$L$2:$L$64,'부품리스트'!$B$2:$B$64,A18) | D18: =SUMIFS('부품리스트'!$M$2:$M$64,'부품리스트'!$B$2:$B$64,A18) | E18: =C18*$B$4 | F18: =D18*$B$4
A19: 조립 | B19: =COUNTIF('부품리스트'!$B$2:$B$64,A19) | C19: =SUMIFS('부품리스트'!$L$2:$L$64,'부품리스트'!$B$2:$B$64,A19) | D19: =SUMIFS('부품리스트'!$M$2:$M$64,'부품리스트'!$B$2:$B$64,A19) | E19: =C19*$B$4 | F19: =D19*$B$4
A20: 합계 | B20: =SUM(B7:B19) | C20: =SUM(C7:C19) | D20: =SUM(D7:D19) | E20: =SUM(E7:E19) | F20: =SUM(F7:F19)
A22: 읽는 법
A23: · 부품리스트 시트의 참조번호·수량·값·풋프린트는 KiCad 회로도에서 자동 생성 (make_parts_list.py).
A24: · 상태: 확정 = 회로도·품번 확정 / 제안 = 동등품 대체 가능 / 확인 필요 = 데이터시트·견적 확인 후 확정 / TBD = 미정.
A25: · 제외: 기구 부품(바디·하우징·캡·엔드캡·홀더·O링·나사), 피드스루(HMT500-P-201)는 기구 부품표에 있음.
A26: · 핀 번호 확인 대상 IC: 없음 — 전 IC 제조사 데이터시트로 핀 대조 완료 (회로도 v0.8, STM32는 KiCad 공식 심볼). TPS2660 RTN은 GND와 분리 (R22 삭제).

Sheet 부품리스트
A1: No | B1: 분류 | C1: 참조번호 | D1: 수량/대 | E1: 값 | F1: 풋프린트 | G1: 제조사 | H1: 품번 | I1: 설명 | J1: 단가 하한 (USD) | K1: 단가 상한 (USD) | L1: 금액 하한 (USD) | M1: 금액 상한 (USD) | N1: 상태
A2: 1 | B2: 수동 | C2: C1 | D2: 1 | E2: 100n 100V | F2: C_0805_2012Metric | G2: Murata | H2: GRM21BR72A104KA35L | I2: MLCC 100 nF 100 V X7R 0805 | J2: 0.02 | K2: 0.05 | L2: =D2*J2 | M2: =D2*K2 | N2: 제안
A3: 2 | B3: 보호 | C3: C3 | D3: 1 | E3: 4.7n 2kV Y2 | F3: C_1812_4532Metric | G3: Murata | H3: GA343QR7GF472KW01L | I3: Safety cap 4.7 nF Y2 (250 VAC) 1812 | J3: 0.15 | K3: 0.4 | L3: =D3*J3 | M3: =D3*K3 | N3: 제안
A4: 3 | B4: 수동 | C4: C4 | D4: 1 | E4: 22n | F4: C_0603_1608Metric | G4: Murata | H4: GRM188R71H223KA01D | I4: MLCC 22 nF 50 V X7R 0603 | J4: 0.004 | K4: 0.01 | L4: =D4*J4 | M4: =D4*K4 | N4: 제안
A5: 4 | B5: 수동 | C5: C5 | D5: 1 | E5: 10u 50V | F5: C_1210_3225Metric | G5: Murata | H5: GRM32ER71H106KA12L | I5: MLCC 10 uF 50 V X7R 1210 | J5: 0.15 | K5: 0.35 | L5: =D5*J5 | M5: =D5*K5 | N5: 제안
A6: 5 | B6: 전원 | C6: C6 C10 | D6: 2 | E6: 22u 25V | F6: C_1206_3216Metric | G6: Murata | H6: GRM31CR61E226KE15L | I6: MLCC 22 uF 25 V X5R 1206 (벅 출력, 2개 — 데이터시트 COUT 2 × 15 µF 실효) | J6: 0.08 | K6: 0.18 | L6: =D6*J6 | M6: =D6*K6 | N6: 제안
A7: 6 | B7: 수동 | C7: C7 | D7: 1 | E7: 2.2u 100V | F7: C_1210_3225Metric | G7: Murata | H7: GRM32ER72A225KA35L | I7: MLCC 2.2 uF 100 V X7R 1210 | J7: 0.15 | K7: 0.35 | L7: =D7*J7 | M7: =D7*K7 | N7: 제안
A8: 7 | B8: 수동 | C8: C8 C14 C15 C20 C21 C23 C28 C29 C36 C40 C44 C50 C54 C60 | D8: 14 | E8: 100n | F8: C_0603_1608Metric | G8: Murata | H8: GRM188R71H104KA93D | I8: MLCC 100 nF 50 V X7R 0603 | J8: 0.004 | K8: 0.01 | L8: =D8*J8 | M8: =D8*K8 | N8: 제안
A9: 8 | B9: 수동 | C9: C9 C12 | D9: 2 | E9: 1u | F9: C_0603_1608Metric | G9: Murata | H9: GRM188R61E105KA12D | I9: MLCC 1 uF 25 V X5R 0603 | J9: 0.005 | K9: 0.015 | L9: =D9*J9 | M9: =D9*K9 | N9: 제안
A10: 9 | B10: 전원 | C10: C11 | D10: 1 | E10: 20p C0G | F10: C_0603_1608Metric | G10: Murata | H10: GRM1885C1H200JA01D | I10: MLCC 20 pF 50 V C0G 0603 (벅 CFF) | J10: 0.003 | K10: 0.008 | L10: =D10*J10 | M10: =D10*K10 | N10: 제안
A11: 10 | B11: 수동 | C11: C13 C24 | D11: 2 | E11: 10u | F11: C_0805_2012Metric | G11: Murata | H11: GRM21BR61E106KA73L | I11: MLCC 10 uF 25 V X5R 0805 | J11: 0.03 | K11: 0.08 | L11: =D11*J11 | M11: =D11*K11 | N11: 제안
A12: 11 | B12: 수동 | C12: C18 C25 | D12: 2 | E12: 4.7u | F12: C_0805_2012Metric | G12: Murata | H12: GRM21BR61E475KA12L | I12: MLCC 4.7 uF 25 V X5R 0805 | J12: 0.02 | K12: 0.06 | L12: =D12*J12 | M12: =D12*K12 | N12: 제안
A13: 12 | B13: 측정 | C13: C22 | D13: 1 | E13: 220p C0G 1% | F13: C_0603_1608Metric | G13: Murata | H13: GRM1885C1H221FA01D | I13: MLCC 220 pF 50 V C0G ±1% 0603 (PCAP04 기준 C) | J13: 0.01 | K13: 0.04 | L13: =D13*J13 | M13: =D13*K13 | N13: 제안
... A64: 63 | B64: 조립 | C64: - | D64: 1 | E64: - | F64: - | G64: - | H64: SMT 양면 실장 | I64: 1k 기준 조립비 | J64: 2 | K64: 4 | L64: =D64*J64 | M64: =D64*K64 | N64: 추정
I65: 합계 (1대분) | L65: =SUM(L2:L64) | M65: =SUM(M2:M64)
